{
   "entries": {"resourceKind": [
      {
         "resourceKindKey": "CERTIFICATE",
         "internalId": "resourceKind:id:1_::_",
         "adapterKindKey": "VMWARE_INFRA_HEALTH"
      },
      {
         "resourceKindKey": "CustomCertificate",
         "internalId": "resourceKind:id:0_::_",
         "adapterKindKey": "CustomCertificateAdapter"
      }
   ]},
   "dashboards": [{
      "shared": false,
      "temporary": false,
      "hidden": false,
      "creationTime": 1728467314969,
      "autoswitchEnabled": false,
      "importAttempts": 0,
      "lastUpdateUserId": "823abb39-ce15-4f65-ad5b-d412d9d8a1ec",
      "columnProportion": "1-1",
      "importComplete": true,
      "description": "",
      "columnCount": 1,
      "widgets": [
         {
            "collapsed": false,
            "id": "76e9c5fd-9769-4608-98dc-21c89ac14816",
            "gridsterCoords": {
               "w": 7,
               "x": 1,
               "h": 10,
               "y": 1
            },
            "type": "ParetoAnalysis",
            "title": "Certs at Risk",
            "config": {
               "yellowBound": 90,
               "regenerationTime": 15,
               "barsCount": 5,
               "metricName": "Days to Expiry",
               "relationshipMode": {"relationshipMode": [
                  -1,
                  0
               ]},
               "title": "Certs at Risk",
               "additionalColumns": [],
               "roundDecimals": 0,
               "metricUnit": {
                  "metricUnitId": -1,
                  "metricUnitName": "Auto"
               },
               "mode": "all",
               "resourceKind": [{"id": "resourceKind:id:0_::_"}],
               "filterMode": "tagPicker",
               "tagFilter": null,
               "customFilter": {
                  "filter": [],
                  "excludedResources": null,
                  "includedResources": null
               },
               "selfProvider": {"selfProvider": true},
               "filterOldMetrics": {"filterOldMetrics": false},
               "percentileValue": null,
               "topOption": "metricsLowestUtilization",
               "refreshInterval": 300,
               "resource": [],
               "refreshContent": {"refreshContent": false},
               "orangeBound": 60,
               "depth": 10,
               "metric": {
                  "metricKey": "daysToExpiry",
                  "name": "daysToExpiry"
               },
               "redBound": 30
            },
            "height": 552
         },
         {
            "collapsed": false,
            "id": "c324e801-bfc9-40c1-aa22-920692b4273e",
            "gridsterCoords": {
               "w": 5,
               "x": 8,
               "h": 10,
               "y": 1
            },
            "type": "AlertList",
            "title": "Cetrificate Alerts",
            "config": {
               "alertImpact": [],
               "alertAction": [],
               "refreshInterval": 300,
               "resource": [],
               "refreshContent": {"refreshContent": false},
               "relationshipMode": {"relationshipMode": [
                  -1,
                  0
               ]},
               "criticalityLevel": [],
               "title": "Cetrificate Alerts",
               "type": [],
               "mode": "all",
               "filterMode": "tagPicker",
               "tagFilter": {
                  "path": [
                     "/source/kind/kind:resourceKind:id:0_::_",
                     "/source/kind/kind:resourceKind:id:1_::_"
                  ],
                  "value": {
                     "bus": [],
                     "adapterKind": [],
                     "kind": [
                        "resourceKind:id:0_::_",
                        "resourceKind:id:1_::_"
                     ],
                     "exclaim": false,
                     "healthRange": [],
                     "maintenanceSchedule": [],
                     "adapterInstance": [],
                     "collector": [],
                     "tier": [],
                     "state": [],
                     "tag": [],
                     "day": [],
                     "status": []
                  }
               },
               "alertDefinitions": [],
               "depth": 1,
               "customFilter": {
                  "filter": [],
                  "excludedResources": null,
                  "includedResources": null
               },
               "selfProvider": {"selfProvider": false},
               "state": [],
               "status": []
            },
            "height": 551,
            "states": [
               {
                  "value": "o%3Acolumns%3Da%253Ao%25253Aid%25253Ds%2525253Ah16%255Eo%25253Aid%25253Ds%2525253Ah1%25255Ehidden%25253Db%2525253A1%25255Ewidth%25253Dn%2525253A100%255Eo%25253Aid%25253Ds%2525253Ah2%255Eo%25253Aid%25253Ds%2525253Ah3%255Eo%25253Aid%25253Ds%2525253Ah4%255Eo%25253Aid%25253Ds%2525253Ah5%255Eo%25253Aid%25253Ds%2525253Ah6%255Eo%25253Aid%25253Ds%2525253Ah7%25255Ehidden%25253Db%2525253A1%255Eo%25253Aid%25253Ds%2525253Ah8%25255Ehidden%25253Db%2525253A1%255Eo%25253Aid%25253Ds%2525253Ah9%25255Ehidden%25253Db%2525253A1%255Eo%25253Aid%25253Ds%2525253Ah10%25255Ehidden%25253Db%2525253A1%255Eo%25253Aid%25253Ds%2525253Ah11%255Eo%25253Aid%25253Ds%2525253Ah12%255Eo%25253Aid%25253Ds%2525253Ah13%25255Ehidden%25253Db%2525253A1%255Eo%25253Aid%25253Ds%2525253Ah14%25255Ehidden%25253Db%2525253A1%255Eo%25253Aid%25253Ds%2525253Ah15%25255Ehidden%25253Db%2525253A0%5EstoreState%3Do%253Asorters%253Da%25253Ao%2525253Aroot%2525253Ds%252525253Adata%2525255Eproperty%2525253Ds%252525253AalertLevel%2525255Edirection%2525253Ds%252525253ADESC%2525255Eid%2525253Ds%252525253AalertLevel",
                  "key": "permAlertGrid_perm_widget_d3fb57e3-974b-472c-b7cb-a3e64f3e8c7f_c324e801-bfc9-40c1-aa22-920692b4273e"
               },
               {
                  "value": "s%3ADEFINITION",
                  "key": "permViewMode_widget_d3fb57e3-974b-472c-b7cb-a3e64f3e8c7f_c324e801-bfc9-40c1-aa22-920692b4273e"
               },
               {
                  "value": "s%3A%7B%22dateRange%22%3A%22last30Days%22%2C%22dateFrom%22%3Anull%2C%22dateTo%22%3Anull%2C%22timeFrom%22%3Anull%2C%22timeTo%22%3Anull%7D",
                  "key": "permDateFilter_widget_d3fb57e3-974b-472c-b7cb-a3e64f3e8c7f_c324e801-bfc9-40c1-aa22-920692b4273e"
               }
            ]
         }
      ],
      "userId": "823abb39-ce15-4f65-ad5b-d412d9d8a1ec",
      "states": [],
      "homeTab": false,
      "name": "Custom Certificates",
      "gridsterMaxColumns": 12,
      "rank": 0,
      "disabled": false,
      "id": "d3fb57e3-974b-472c-b7cb-a3e64f3e8c7f",
      "locked": false,
      "dashboardNavigations": {},
      "widgetInteractions": [],
      "lastUpdateTime": 1728468205145
   }],
   "uuid": "1fd50fc8-acf7-454c-b722-7823060d73c8"
}